topic,question,answer
Sport,Placeholder sport question 1,placeholder answer
Sport,Placeholder sport question 2,placeholder answer
Sport,Placeholder sport question 3,placeholder answer
History,Placeholder history question 1,placeholder answer
History,Placeholder history question 2,placeholder answer
History,Placeholder history question 3,placeholder answer
Geography,Placeholder geography question 1,placeholder answer
Geography,Placeholder geography question 2,placeholder answer
Geography,Placeholder geography question 3,placeholder answer
Science,Placeholder science question 1,placeholder answer
Science,Placeholder science question 2,placeholder answer
Science,Placeholder science question 3,placeholder answer